,g
2024-02-02,0.02413106575917874
2024-02-05,0.01709262042093937
2024-02-06,0.10582168113422757
2024-02-07,0.13307623374649316
2024-02-08,0.06723582050420734
2024-02-09,0.03254320075661454
2024-02-12,0.08014359187992467
2024-02-13,0.0937541732679549
2024-02-14,-0.007746283044499536
2024-02-15,0.002063079620136743
2024-02-16,0.0011455042253367131
2024-02-20,0.054034789921389714
2024-02-21,0.0007837159128448457
2024-02-22,-0.0197932342342442
2024-02-23,0.03188242223780277
2024-02-26,0.046440163603962484
2024-02-27,0.0728888522852447
2024-02-28,0.07535182018254853
2024-02-29,0.026927887542608414
2024-03-01,0.02896273897134341
2024-03-04,0.04377140302494428
2024-03-05,0.037323483249717265
2024-03-06,0.021523301455063204
2024-03-07,0.050739096682307555
2024-03-08,0.07092845028115502
2024-03-11,0.03900850463501028
2024-03-12,0.06082693565213643
2024-03-13,0.07106264721588273
2024-03-14,0.08576118524833087
2024-03-15,0.032409044102887904
2024-03-18,0.08627249063366221
2024-03-19,0.083552511380012
2024-03-20,0.030617576401451033
2024-03-21,0.05773490130112756
2024-03-22,0.057170127149878666
2024-03-25,0.069818101191609
2024-03-26,0.027826926035945207
2024-03-27,0.045590197915454045
2024-03-28,0.023109573210773393
2024-04-01,0.02202406292903286
2024-04-02,0.014189526299644956
2024-04-03,0.02445178439303259
2024-04-04,0.027685961562158287
2024-04-05,0.035104536564124586
2024-04-08,0.049168760605305416
2024-04-09,0.0022222084290333677
2024-04-10,-0.04115948967708846
2024-04-11,-0.00888317212658872
2024-04-12,-0.013974302966873214
2024-04-15,0.016523687224807196
2024-04-16,-0.05768304443151123
2024-04-17,-0.06387760596073674
2024-04-18,-0.022746308586285152
2024-04-19,-0.01921991651128141
2024-04-22,-0.07989763886373694
2024-04-23,-0.08404118466352509
2024-04-24,-0.036097960666701345
2024-04-25,-0.028525558230984224
2024-04-26,-0.05113457636069612
2024-04-29,-0.04739007651153673
2024-04-30,0.009236654302894803
2024-05-01,0.0060051382435450384
2024-05-02,-0.0212847329658436
2024-05-03,0.015432828592196829
2024-05-06,-0.05931813089102975
2024-05-07,-0.030332248496282938
2024-05-08,-0.020777901666935356
2024-05-09,0.0029001237124461066
2024-05-10,-0.058155966610646204
2024-05-13,0.012501311903317297
2024-05-14,-0.01646430682220129
2024-05-15,0.0008673494523690206
2024-05-16,-0.03360163071753071
2024-05-17,0.028220067694329116
2024-05-20,-0.0020804994243299735
2024-05-21,0.020773205176782827
2024-05-22,-0.011108790397979403
2024-05-23,0.019948390584285772
2024-05-24,0.015116391942421635
2024-05-28,0.011720042073376069
2024-05-29,-0.023957571975775218
2024-05-30,-0.028400320579057343
2024-05-31,0.010968004882153604
2024-06-03,-0.017120208182621367
2024-06-04,0.02958664087008024
2024-06-05,0.011471647477291694
2024-06-06,-0.019743976002771738
2024-06-07,-0.01835696402319831
2024-06-10,-0.017181448964322943
2024-06-11,-0.008432089390209896
2024-06-12,-0.0016263336416449392
2024-06-13,-0.0441847954594633
2024-06-14,-0.00012295443471944945
2024-06-17,-0.023519879697826415
2024-06-18,-0.031206855430360156
2024-06-20,-0.0006412078544679456
2024-06-21,0.022079518887921007
2024-06-24,0.009466051485987725
2024-06-25,-0.00463777168203322
2024-06-26,0.029056828673129018
2024-06-27,0.033706410757345595
2024-06-28,0.019068106208778107
2024-07-01,0.04717575906436147
2024-07-02,-0.0029012663284156276
2024-07-03,0.04211061544945738
2024-07-05,-0.054025067190416665
2024-07-08,-0.0750914734057074
2024-07-09,-0.02347934109577124
2024-07-10,-0.014622149445901483
2024-07-11,-0.04971514258794543
2024-07-12,-0.035452002830675816
2024-07-15,-0.024194392610804444
2024-07-16,-0.027349037547065122
2024-07-17,0.007904361147640468
2024-07-18,0.0696363538879595
2024-07-19,0.0654252773336835
2024-07-22,0.04177907717249996
2024-07-23,-0.022473074150665767
2024-07-24,0.09500463859510343
2024-07-25,-0.012561789887416547
2024-07-26,0.07080512738490571
2024-07-29,0.004472746038864064
2024-07-30,0.08305501091299586
2024-07-31,-0.008586150455023832
2024-08-01,0.052893469726360304
2024-08-02,-0.02668292488364224
2024-08-05,0.13245028670741543
2024-08-06,0.018736349145077824
2024-08-07,0.03671400990092766
2024-08-08,0.009904081894392874
2024-08-09,0.06760714501995502
2024-08-12,0.009459445187315674
2024-08-13,0.04396546839432183
2024-08-14,-0.025257049530006515
2024-08-15,0.03373755280370455
2024-08-16,-0.01628716246683312
2024-08-19,0.04047641357988688
2024-08-20,-0.06178245899712462
2024-08-21,-0.011886849983462566
2024-08-22,-0.0411311997757461
2024-08-23,-0.014347170997242947
2024-08-26,0.016077579634409006
2024-08-27,0.006255789738029649
2024-08-28,-0.013612823679196251
2024-08-29,0.015338280622493011
2024-08-30,-0.036553112931460185
2024-09-03,0.02108617433718557
2024-09-04,-0.02778634058795479
2024-09-05,0.01300040542126174
2024-09-06,-0.019202864120165364
2024-09-09,0.06044513220806555
2024-09-10,-0.023148991093004834
2024-09-11,0.02071765844848894
2024-09-12,-0.0015851919846059104
2024-09-13,0.03681699625116405
2024-09-16,-0.033533897094459794
2024-09-17,0.05246987618333476
2024-09-18,0.07650545343725729
2024-09-19,0.015575661379850086
2024-09-20,0.03462094879033756
2024-09-23,0.0715042779711984
2024-09-24,0.05668925907131228
2024-09-25,0.08155607074669965
2024-09-26,0.013240235453941568
2024-09-27,0.03619901024932956
2024-09-30,0.06387377012332496
2024-10-01,0.04547352821837486
2024-10-02,-0.01169936183464948
2024-10-03,0.03378658681635721
2024-10-04,0.046839525907819424
2024-10-07,0.024092297766122095
2024-10-08,-0.05002628324827696
2024-10-09,-0.002829916501845553
2024-10-10,-0.005819838142996164
2024-10-11,-0.08885867236392578
2024-10-14,-0.07115108470279308
2024-10-15,-0.03306942834290144
2024-10-16,-0.049643634223035304
2024-10-17,-0.012626043234313933
2024-10-18,-0.08018208564304394
2024-10-21,-0.06533075306625219
2024-10-22,-0.025889925432434624
2024-10-23,-0.02586632500453162
2024-10-24,-0.04333207694578556
2024-10-25,-0.048232015586336996
2024-10-28,-0.014686238865655316
2024-10-29,-0.03977109101594889
2024-10-30,-0.03781389813908091
2024-10-31,-0.016965670444074932
2024-11-01,0.0274829082424225
2024-11-04,-0.01034037549106237
2024-11-05,0.02110301875128026
2024-11-06,-0.01497829225154143
2024-11-07,-0.06018307480653151
2024-11-08,-0.0658363529742966
2024-11-11,0.004465856221182327
2024-11-12,-0.04065965161637399
2024-11-13,-0.011654979708026508
2024-11-14,-0.030261014904597566
2024-11-15,0.02417578566270856
2024-11-18,0.0064466901768012175
2024-11-19,0.03980101645671075
2024-11-20,0.02263746966897104
2024-11-21,-0.001911413604067708
2024-11-22,-0.002440324603990282
2024-11-25,-0.021540558902837126
2024-11-26,0.009975980086032059
2024-11-27,-0.05637233257290229
2024-11-29,-0.048132880580006476
2024-12-02,-0.08024856728175722
2024-12-03,-0.05817691284297477
2024-12-04,-0.04381107857861649
2024-12-05,-0.06335501455310849
2024-12-06,-0.0013598193648778345
2024-12-09,-0.06404826155724425
2024-12-10,-0.0423775025191967
2024-12-11,-0.054572972668934405
2024-12-12,-0.008382557761898501
2024-12-13,-0.012146115499073629
2024-12-16,-0.03567128731109254
2024-12-17,-0.029238179571510925
2024-12-18,-0.03555123960308737
2024-12-19,-0.08999411846352243
2024-12-20,-0.08258290051059697
2024-12-23,-0.04818939324946961
2024-12-24,-0.07030211333317868
2024-12-26,-0.09733134076432559
2024-12-27,-0.12318523938931525
2024-12-30,-0.048680266835678
2024-12-31,-0.09139744735187483
2025-01-02,-0.07597813303156536
2025-01-03,-0.12481188452530467
2025-01-06,-0.0942661123322544
2025-01-07,-0.19487979571675862
2025-01-08,-0.12561547113613908
2025-01-10,-0.14735522766699355
2025-01-13,-0.1609314336002373
2025-01-14,-0.15110840697753267
2025-01-15,-0.10912879196936576
2025-01-16,-0.15066961175315155
2025-01-17,-0.18178654268486158
2025-01-21,-0.1628549735483478
2025-01-22,-0.1015427433867756
2025-01-23,-0.14020003842515083
2025-01-24,-0.1478875128749476
2025-01-27,-0.04839776941710672
2025-01-28,-0.07166104609220988
2025-01-29,-0.0393548812846346
2025-01-30,-0.03663612211863121
2025-01-31,-0.06501124103077727
2025-02-03,-0.09459939560257177
2025-02-04,-0.13237470191815254
2025-02-05,-0.15668950899071232
2025-02-06,-0.05547193776541312
2025-02-07,-0.11782275995244776
2025-02-10,-0.15945098139704095
2025-02-11,-0.10763635830555435
2025-02-12,-0.07952887393639163
2025-02-13,-0.0635849971743497
2025-02-14,-0.0485587244741964
2025-02-18,-0.013640000494574728
2025-02-19,-0.06324084445733885
2025-02-20,-0.028067899164925497
2025-02-21,-0.07004585887552736
2025-02-24,-0.032760630694454076
2025-02-25,-0.045793826370135904
2025-02-26,-0.00014736559322403586
2025-02-27,-0.0419811903989942
2025-02-28,0.0056566911586235225
2025-03-03,-0.01953650135945373
2025-03-04,0.05614238220482343
2025-03-05,-0.0013164974527151707
2025-03-06,0.0015604750083170194
2025-03-07,0.021626142662065084
2025-03-10,-0.0010258993662697335
2025-03-11,0.014638821666519586
2025-03-12,0.029037194601717053
2025-03-13,0.03267875047200075
2025-03-14,0.05864142260989308
2025-03-17,0.08090052196633091
2025-03-18,0.08603438605646196
2025-03-19,0.04030095859440874
2025-03-20,0.10774556648530226
2025-03-21,0.09394773094542042
2025-03-24,0.1380919884833655
2025-03-25,0.06995662846907774
2025-03-26,0.05718479162234541
2025-03-27,0.09285541745832349
2025-03-28,0.10659254268626528
2025-03-31,0.09973079772380367
2025-04-01,0.031167672388588752
2025-04-02,0.024406503358391785
2025-04-03,-0.01371060307380867
2025-04-04,-0.06680177229716067
2025-04-07,-0.07469576180604465
2025-04-08,-0.051765027459988455
2025-04-09,0.003920911161148788
2025-04-10,-0.03025827633438294
2025-04-11,-0.024004852216438
2025-04-14,-0.022610610595351188
2025-04-15,0.0022090716787716014
2025-04-16,-0.054764915974623185
2025-04-17,-0.02482889850928449
2025-04-21,-0.05249066528750612
2025-04-22,0.030100625078314347
2025-04-23,-0.022931647162496294
2025-04-24,-0.0062548250589178345
2025-04-25,-0.0011168717632911718
2025-04-28,0.036112134938473095
2025-04-29,0.0034012137563035894
2025-04-30,0.014971109183650522
2025-05-01,-0.027277376256307162
2025-05-02,0.014554796156970251
2025-05-05,-0.006187251403553695
2025-05-06,0.06531594918055655
2025-05-07,0.023284712171841415
2025-05-08,0.02099529587511917
2025-05-09,0.025838014470563553
2025-05-12,0.024249265550504717
2025-05-13,0.018834565323440244
2025-05-14,0.027540758472846594
2025-05-15,0.023802593234689196
2025-05-16,-0.029248696566449073
2025-05-19,-0.062370630888411493
2025-05-20,-0.006722250973816735
2025-05-21,0.016296978823291508
2025-05-22,-0.02027225150792722
2025-05-23,-0.02116220348365061
2025-05-27,-0.002752617802979973
2025-05-28,-0.03487393026464686
2025-05-29,-0.031228831031945792
2025-05-30,-0.0904793409360452
2025-06-02,-0.04749036748258867
2025-06-03,0.05641277529729283
2025-06-04,-0.027127108550393103
2025-06-05,-0.09511630411253658
2025-06-06,-0.031187419402723293
2025-06-09,-0.01213124168583668
2025-06-10,-0.03848883748820303
2025-06-11,-0.09978472393311683
2025-06-12,-0.06079989604897418
2025-06-13,0.005136777618120925
2025-06-16,-0.015649772231837666
2025-06-17,-0.047332820920167634
2025-06-18,-0.015234545441136449
2025-06-20,0.03752383415662752
2025-06-23,-0.0033263399572360797
2025-06-24,-0.0358748165624157
2025-06-25,-0.03275679431468986
2025-06-26,0.02037349470970523
2025-06-27,-0.01095873155325347
2025-06-30,-0.019676591112553876
2025-07-01,0.010632313313235553
2025-07-02,0.03860225162920816
2025-07-03,0.04529327229825775
2025-07-07,0.017850118593527503
2025-07-08,0.0254481585555478
2025-07-09,0.006266250410021601
2025-07-10,0.007579956325074577
2025-07-11,-0.0189823071421939
2025-07-14,0.002673682787513898
2025-07-15,0.05100637861098106
2025-07-16,0.037007449068089726
2025-07-17,0.020388188161526877
2025-07-18,0.004422738998964892
2025-07-21,0.031735448605237804
2025-07-22,0.032619051503173346
2025-07-23,-0.030094553618089603
2025-07-24,-0.06342277886591013
2025-07-25,0.016815536743370496
2025-07-28,-0.011757975555211464
2025-07-29,-0.007751097848312072
2025-07-30,0.009975234783396014
2025-07-31,0.036402271964741884
2025-08-01,0.0014022650276308002
2025-08-04,0.0027596901543220365
2025-08-05,-0.00842451513705883
2025-08-06,0.0056354511298318255
2025-08-07,-0.0033592601135029043
2025-08-08,-0.0028316142135051403
2025-08-11,-0.0046423852009477296
2025-08-12,0.03013862328128253
2025-08-13,0.044722020493181
2025-08-14,0.01599748221773467
2025-08-15,-0.014081836086229316
2025-08-18,0.06279619167384473
2025-08-19,0.07728500088893431
2025-08-20,0.03420162849623229
2025-08-21,0.030231469315052967
2025-08-22,0.05570404998730935
2025-08-25,0.09150924747438627
2025-08-26,0.09113750533237396
2025-08-27,0.0407444615711572
2025-08-28,0.0170388554882127
2025-08-29,0.03610927391535933
2025-09-02,0.05938407802836077
2025-09-03,0.047871014833703145
2025-09-04,0.04530539311077037
2025-09-05,0.022406825611484753
2025-09-08,0.05811890572793421
2025-09-09,0.04144120994282391
2025-09-10,0.07179682308277256
2025-09-11,0.051112035657392224
2025-09-12,0.03883648701612347
2025-09-15,0.03536464096672774
2025-09-16,0.007195201624354622
2025-09-17,0.016093010699282942
2025-09-18,0.00673621534012914
2025-09-19,0.02627946326741632
2025-09-22,-0.018290841047084946
2025-09-23,-0.022410490839822474
2025-09-24,0.0017925162472934193
2025-09-25,0.008118176117148795
2025-09-26,-0.012641621988174395
2025-09-29,0.014614602612710095
2025-09-30,-0.014746808081289003
2025-10-01,-0.03483836774676631
2025-10-02,-0.04406931569508571
2025-10-03,-0.002191514045812644
2025-10-06,-0.03907535744400852
2025-10-07,0.007737873850584481
2025-10-08,-0.032669976466501396
2025-10-09,-0.03454548578593701
2025-10-10,-0.031059889838630547
2025-10-13,-0.055297004254363534
2025-10-14,-0.027852615102155504
2025-10-15,-0.05372145643377656
2025-10-16,-0.04282617963722045
2025-10-17,-0.04787420449277243
2025-10-20,-0.0703223551461315
2025-10-21,-0.034974493132121004
2025-10-22,-0.06964020268336604
2025-10-23,-0.03617293080193478
2025-10-24,-0.08042150544876407
2025-10-27,-0.09769055997643948
2025-10-28,-0.0838193498808262
2025-10-29,-0.02620168168238171
2025-10-30,-0.10318559091339082
2025-10-31,-0.08145073863617182
2025-11-03,-0.12374805231819476
2025-11-04,-0.07521968535672914
2025-11-05,-0.13382950982115208
2025-11-06,-0.07280948341574871
2025-11-07,-0.12656584845146895
2025-11-10,-0.10723926440182335
2025-11-11,-0.1281396291531417
2025-11-12,-0.046907092118069024
2025-11-13,-0.08368081063303895
2025-11-14,-0.12547126478552048
2025-11-17,-0.12315902945350116
2025-11-18,-0.053833323953126545
2025-11-19,-0.07333727166998454
2025-11-20,-0.0446299207668618
2025-11-21,-0.01518690594910202
2025-11-24,-0.02579395512798098
2025-11-25,-0.0308962447996447
2025-11-26,-0.017372662841238423
2025-11-28,-0.015597145541011381
2025-12-01,-0.008457214056959567
2025-12-02,-0.04370063078953765
2025-12-03,-0.06750591461910355
2025-12-04,-0.02575407830421056
2025-12-05,-0.035057643922275866
2025-12-08,-0.08142871572569646
2025-12-09,-0.09424501247816047
2025-12-10,-0.11806806990359839
2025-12-11,-0.04899822597055403
2025-12-12,-0.08855501378473418
2025-12-15,-0.057208416913423515
2025-12-16,-0.021019284240909486
2025-12-17,-0.058372724570935605
2025-12-18,-0.03451492854184657
2025-12-19,-0.05352283713508757
2025-12-22,-0.0254596597196117
2025-12-23,-0.06520590683523131
2025-12-24,-0.026988476683319995
2025-12-26,-0.02462126942944637
2025-12-29,-0.010961763191431884
2025-12-30,-0.021869163981858786
2025-12-31,-0.02608671580820643
2026-01-02,-0.061168221488972385
2026-01-05,-0.02942606712327714
2026-01-06,0.0014898453232408126
2026-01-07,-0.01627094776639293
2026-01-08,-0.02816904434383853
2026-01-09,-0.027802802258056106
2026-01-12,0.014537962482496523
2026-01-13,0.03472727046765635
2026-01-14,0.02302278539906763
2026-01-15,0.009197669832571538
2026-01-16,0.06163129906960123
2026-01-20,0.0953791192432644
2026-01-21,0.1413895514345039
2026-01-22,0.036561424259321046
2026-01-23,0.05825336512192731
2026-01-26,0.06462937503531797
2026-01-27,0.04646433032226014
2026-01-28,0.038178107936653716
2026-01-29,0.033550224467528714
2026-01-30,0.06017078642723709
2026-02-02,0.062443388621455445
2026-02-03,0.06042649638142724
2026-02-04,0.1015967440968703
2026-02-05,0.04212527002222738
2026-02-06,0.03561534561222526
2026-02-09,0.058942281874424074
2026-02-10,-0.0432457455614817
2026-02-11,0.015494852953767069
